<?xml version="1.0" encoding="utf-8"?>
<xd:acceleratorMap xmlns:xd="http://www.xilinx.com/xidane" xd:functionName="pr_add" xd:componentRef="pr_add" xd:initiationInterval="3" xd:clockPeriod="10.000" xd:sequential="true" xd:hostMachine="64" xd:reset="control">
  <xd:arg xd:name="stream_in.data" xd:originalName="stream_in" xd:direction="in" xd:interfaceRef="stream_in" xd:busTypeRef="axis" xd:dataWidth="1"/>
  <xd:arg xd:name="stream_in.keep" xd:originalName="stream_in" xd:direction="in" xd:interfaceRef="stream_in" xd:busTypeRef="axis" xd:dataWidth="1"/>
  <xd:arg xd:name="stream_in.last" xd:originalName="stream_in" xd:direction="in" xd:interfaceRef="stream_in" xd:busTypeRef="axis" xd:dataWidth="1"/>
  <xd:arg xd:name="stream_out.data" xd:originalName="stream_out" xd:direction="out" xd:interfaceRef="stream_out" xd:busTypeRef="axis" xd:dataWidth="1"/>
  <xd:arg xd:name="stream_out.keep" xd:originalName="stream_out" xd:direction="out" xd:interfaceRef="stream_out" xd:busTypeRef="axis" xd:dataWidth="1"/>
  <xd:arg xd:name="stream_out.last" xd:originalName="stream_out" xd:direction="out" xd:interfaceRef="stream_out" xd:busTypeRef="axis" xd:dataWidth="1"/>
  <xd:latencyEstimates xd:best-case="2" xd:worst-case="2" xd:average-case="2"/>
  <xd:resourceEstimates xd:LUT="81" xd:FF="35" xd:BRAM="0" xd:DSP="0"/>
</xd:acceleratorMap>
