<?xml version="1.0" encoding="utf-8"?>
<AdditionalInfo>
  <CTypeInfo>
      <RtlPort>
        <name>stream_in_TDATA</name>
        <type>Signed</type>
        <fractionWidth>0</fractionWidth>
      </RtlPort>
      <RtlPort>
        <name>stream_in_TKEEP</name>
        <type>Signed</type>
        <fractionWidth>0</fractionWidth>
      </RtlPort>
      <RtlPort>
        <name>stream_in_TLAST</name>
        <type>Signed</type>
        <fractionWidth>0</fractionWidth>
      </RtlPort>
      <RtlPort>
        <name>stream_in_TREADY</name>
        <type>Signed</type>
        <fractionWidth>0</fractionWidth>
      </RtlPort>
      <RtlPort>
        <name>stream_in_TVALID</name>
        <type>Signed</type>
        <fractionWidth>0</fractionWidth>
      </RtlPort>
      <RtlPort>
        <name>stream_out_TDATA</name>
        <type>Signed</type>
        <fractionWidth>0</fractionWidth>
      </RtlPort>
      <RtlPort>
        <name>stream_out_TKEEP</name>
        <type>Signed</type>
        <fractionWidth>0</fractionWidth>
      </RtlPort>
      <RtlPort>
        <name>stream_out_TLAST</name>
        <type>Signed</type>
        <fractionWidth>0</fractionWidth>
      </RtlPort>
      <RtlPort>
        <name>stream_out_TREADY</name>
        <type>Signed</type>
        <fractionWidth>0</fractionWidth>
      </RtlPort>
      <RtlPort>
        <name>stream_out_TVALID</name>
        <type>Signed</type>
        <fractionWidth>0</fractionWidth>
      </RtlPort>
  </CTypeInfo>
  <DesignConstraint>
    <clk_period>10</clk_period>
  </DesignConstraint>
  <Machine>64</Machine>
  <modelParameters>
    <combinational>0</combinational>
    <latency>2</latency>
    <II>x</II>
  </modelParameters>
</AdditionalInfo>
