{
  "Top": "pr_sub",
  "RtlTop": "pr_sub",
  "RtlPrefix": "",
  "RtlSubPrefix": "pr_sub_",
  "SourceLanguage": "cpp",
  "HostMachineBits": "64",
  "FunctionProtocol": "ap_ctrl_none",
  "ResetStyle": "control",
  "Target": {
    "Family": "zynq",
    "Device": "xc7z020",
    "Package": "-clg400",
    "Speed": "-1",
    "Triple": "fpga64-xilinx-none"
  },
  "Args": {
    "stream_in": {
      "index": "0",
      "direction": "in",
      "srcType": "stream<qdma_axis<32, 0, 0, 0>, 0>&",
      "srcSize": "96",
      "hwRefs": [{
          "type": "interface",
          "interface": "stream_in",
          "name": "",
          "usage": "data",
          "direction": "in"
        }]
    },
    "stream_out": {
      "index": "1",
      "direction": "out",
      "srcType": "stream<qdma_axis<32, 0, 0, 0>, 0>&",
      "srcSize": "96",
      "hwRefs": [{
          "type": "interface",
          "interface": "stream_out",
          "name": "",
          "usage": "data",
          "direction": "out"
        }]
    }
  },
  "HlsSolution": {
    "FlowTarget": "vivado",
    "ConfigTcl": [
      "config_export -format=ip_catalog",
      "config_export -rtl=verilog"
    ],
    "DirectiveTcl": [
      "set_directive_top pr_sub -name pr_sub",
      "set_directive_top pr_sub -name pr_sub"
    ],
    "ProfileOption": "0",
    "ProfileType": "none",
    "KernelName": "pr_sub"
  },
  "ClockInfo": {
    "ClockName": "ap_clk",
    "ClockPeriod": "10",
    "Uncertainty": "2.7",
    "IsCombinational": "0",
    "II": "x",
    "Latency": "2"
  },
  "Xdc": {"OocClocks": ["create_clock -name ap_clk -period 10.000 [get_ports ap_clk]"]},
  "Ipx": {
    "Vendor": "xilinx.com",
    "Library": "hls",
    "Name": "pr_sub",
    "Version": "1.0",
    "DisplayName": "Pr_sub",
    "Revision": "",
    "Description": "An IP generated by Vitis HLS",
    "Taxonomy": "\/VITIS_HLS_IP",
    "AutoFamilySupport": "",
    "ZipFile": "xilinx_com_hls_pr_sub_1_0.zip"
  },
  "Files": {
    "CSource": ["..\/..\/pr_sub.cpp"],
    "Vhdl": [
      "impl\/vhdl\/pr_sub_regslice_both.vhd",
      "impl\/vhdl\/pr_sub.vhd"
    ],
    "Verilog": [
      "impl\/verilog\/pr_sub_regslice_both.v",
      "impl\/verilog\/pr_sub.v"
    ],
    "IpMisc": ["impl\/misc\/logo.png"],
    "DesignXml": ".autopilot\/db\/pr_sub.design.xml",
    "DebugDir": ".debug",
    "ProtoInst": ["H:\/pynq\/hdl\/base_overlay_dfx\/pynq_pr_ip\/pynq_pr_ip2\/solution1\/.debug\/pr_sub.protoinst"]
  },
  "SubcoreInfo": {
    "HasXpmMemory": false,
    "HasClockedDsp": false,
    "Ip": []
  },
  "Interfaces": {
    "ap_clk": {
      "type": "clock",
      "busTypeName": "clock",
      "mode": "slave",
      "busParams": {
        "ASSOCIATED_BUSIF": "stream_in:stream_out",
        "ASSOCIATED_RESET": "ap_rst_n"
      },
      "portMap": {"ap_clk": "CLK"},
      "ports": ["ap_clk"]
    },
    "ap_rst_n": {
      "type": "reset",
      "busTypeName": "reset",
      "mode": "slave",
      "busParams": {"POLARITY": "ACTIVE_LOW"},
      "portMap": {"ap_rst_n": "RST"},
      "ports": ["ap_rst_n"]
    },
    "stream_in": {
      "type": "axi4stream",
      "busTypeName": "axis",
      "mode": "slave",
      "dataWidth": "32",
      "portPrefix": "stream_in_",
      "ports": [
        "stream_in_TDATA",
        "stream_in_TKEEP",
        "stream_in_TLAST",
        "stream_in_TREADY",
        "stream_in_TVALID"
      ],
      "constraints": [{
          "constraint_type": "pragma interface",
          "mode": "axis",
          "register_option": "0",
          "register_mode": "both",
          "argName": "stream_in"
        }]
    },
    "stream_out": {
      "type": "axi4stream",
      "busTypeName": "axis",
      "mode": "master",
      "dataWidth": "32",
      "portPrefix": "stream_out_",
      "ports": [
        "stream_out_TDATA",
        "stream_out_TKEEP",
        "stream_out_TLAST",
        "stream_out_TREADY",
        "stream_out_TVALID"
      ],
      "constraints": [{
          "constraint_type": "pragma interface",
          "mode": "axis",
          "register_option": "0",
          "register_mode": "both",
          "argName": "stream_out"
        }]
    }
  },
  "RtlPorts": {
    "ap_clk": {
      "dir": "in",
      "width": "1"
    },
    "ap_rst_n": {
      "dir": "in",
      "width": "1"
    },
    "stream_in_TDATA": {
      "dir": "in",
      "width": "32"
    },
    "stream_in_TVALID": {
      "dir": "in",
      "width": "1"
    },
    "stream_in_TREADY": {
      "dir": "out",
      "width": "1"
    },
    "stream_in_TLAST": {
      "dir": "in",
      "width": "1",
      "isVector": "true"
    },
    "stream_in_TKEEP": {
      "dir": "in",
      "width": "4"
    },
    "stream_out_TDATA": {
      "dir": "out",
      "width": "32"
    },
    "stream_out_TVALID": {
      "dir": "out",
      "width": "1"
    },
    "stream_out_TREADY": {
      "dir": "in",
      "width": "1"
    },
    "stream_out_TLAST": {
      "dir": "out",
      "width": "1",
      "isVector": "true"
    },
    "stream_out_TKEEP": {
      "dir": "out",
      "width": "4"
    }
  },
  "ModuleInfo": {
    "Hierarchy": {"ModuleName": "pr_sub"},
    "Info": {"pr_sub": {
        "FunctionProtocol": "ap_ctrl_none",
        "isTaskLevelControl": "0",
        "isPipelined": "0",
        "isCombinational": "0",
        "isOneStateSeq": "0"
      }},
    "Metrics": {"pr_sub": {
        "Latency": {
          "LatencyBest": "2",
          "LatencyAvg": "2",
          "LatencyWorst": "2",
          "PipelineII": "3",
          "PipelineDepth": "",
          "PipelineType": "none"
        },
        "Timing": {
          "Target": "10.00",
          "Uncertainty": "2.70",
          "Estimate": "2.552"
        },
        "Area": {
          "FF": "35",
          "AVAIL_FF": "106400",
          "UTIL_FF": "~0",
          "LUT": "81",
          "AVAIL_LUT": "53200",
          "UTIL_LUT": "~0",
          "BRAM_18K": "0",
          "AVAIL_BRAM": "280",
          "UTIL_BRAM": "0",
          "DSP": "0",
          "AVAIL_DSP": "220",
          "UTIL_DSP": "0",
          "URAM": "0",
          "AVAIL_URAM": "0",
          "UTIL_URAM": "0"
        }
      }}
  },
  "GenerateBdFiles": "1",
  "GenData": {
    "DataVersion": "0.2",
    "Time": "2023-06-13 20:13:47 +0800",
    "ToolName": "vivado_hls",
    "ToolVersion": "2020.2"
  }
}
