<?xml version="1.0" encoding="utf-8"?>
<Messages>
	<Message severity="INFO" prefix="[HLS 200-111]" key="HLS_111_966" tag="RUNTIME" content="Finished File checks and directory preparation: CPU user time: 0 seconds. CPU system time: 0 seconds. Elapsed time: 0.026 seconds; current allocated memory: 877.236 MB." resolution=""/>
	<Message severity="INFO" prefix="[HLS 200-10]" key="HLS_10_1312" tag="" content="Analyzing design file &apos;pr_sub.cpp&apos; ..." resolution=""/>
	<Message severity="INFO" prefix="[HLS 200-111]" key="HLS_111_966" tag="RUNTIME" content="Finished Source Code Analysis and Preprocessing: CPU user time: 1 seconds. CPU system time: 0 seconds. Elapsed time: 3.159 seconds; current allocated memory: 99.000 MB." resolution=""/>
	<Message severity="INFO" prefix="[HLS 200-777]" key="HLS 200-777" tag="" content="Using interface defaults for &apos;Vivado&apos; flow target." resolution=""/>
	<Message severity="INFO" prefix="[HLS 214-131]" key="HLS 214-131" tag="" content="Inlining function &apos;qdma_axis&lt;32ul, 0ul, 0ul, 0ul&gt;::get_strb_ptr()&apos; into &apos;hls::stream&lt;qdma_axis&lt;32ul, 0ul, 0ul, 0ul&gt;, 0&gt;::read()&apos; (H:/Xilinx/Vitis_HLS/2020.2/common/technology/autopilot\ap_axi_sdata.h:390:41)" resolution=""/>
	<Message severity="INFO" prefix="[HLS 214-131]" key="HLS 214-131" tag="" content="Inlining function &apos;qdma_axis&lt;32ul, 0ul, 0ul, 0ul&gt;::get_dest_ptr()&apos; into &apos;hls::stream&lt;qdma_axis&lt;32ul, 0ul, 0ul, 0ul&gt;, 0&gt;::read()&apos; (H:/Xilinx/Vitis_HLS/2020.2/common/technology/autopilot\ap_axi_sdata.h:393:25)" resolution=""/>
	<Message severity="INFO" prefix="[HLS 214-131]" key="HLS 214-131" tag="" content="Inlining function &apos;qdma_axis&lt;32ul, 0ul, 0ul, 0ul&gt;::get_id_ptr()&apos; into &apos;hls::stream&lt;qdma_axis&lt;32ul, 0ul, 0ul, 0ul&gt;, 0&gt;::read()&apos; (H:/Xilinx/Vitis_HLS/2020.2/common/technology/autopilot\ap_axi_sdata.h:392:76)" resolution=""/>
	<Message severity="INFO" prefix="[HLS 214-131]" key="HLS 214-131" tag="" content="Inlining function &apos;qdma_axis&lt;32ul, 0ul, 0ul, 0ul&gt;::get_user_ptr()&apos; into &apos;hls::stream&lt;qdma_axis&lt;32ul, 0ul, 0ul, 0ul&gt;, 0&gt;::read()&apos; (H:/Xilinx/Vitis_HLS/2020.2/common/technology/autopilot\ap_axi_sdata.h:392:45)" resolution=""/>
	<Message severity="INFO" prefix="[HLS 214-131]" key="HLS 214-131" tag="" content="Inlining function &apos;qdma_axis&lt;32ul, 0ul, 0ul, 0ul&gt;::get_strb_ptr()&apos; into &apos;hls::stream&lt;qdma_axis&lt;32ul, 0ul, 0ul, 0ul&gt;, 0&gt;::read()&apos; (H:/Xilinx/Vitis_HLS/2020.2/common/technology/autopilot\ap_axi_sdata.h:392:25)" resolution=""/>
	<Message severity="INFO" prefix="[HLS 214-131]" key="HLS 214-131" tag="" content="Inlining function &apos;qdma_axis&lt;32ul, 0ul, 0ul, 0ul&gt;::get_dest_ptr()&apos; into &apos;hls::stream&lt;qdma_axis&lt;32ul, 0ul, 0ul, 0ul&gt;, 0&gt;::read()&apos; (H:/Xilinx/Vitis_HLS/2020.2/common/technology/autopilot\ap_axi_sdata.h:391:39)" resolution=""/>
	<Message severity="INFO" prefix="[HLS 214-131]" key="HLS 214-131" tag="" content="Inlining function &apos;qdma_axis&lt;32ul, 0ul, 0ul, 0ul&gt;::get_id_ptr()&apos; into &apos;hls::stream&lt;qdma_axis&lt;32ul, 0ul, 0ul, 0ul&gt;, 0&gt;::read()&apos; (H:/Xilinx/Vitis_HLS/2020.2/common/technology/autopilot\ap_axi_sdata.h:391:23)" resolution=""/>
	<Message severity="INFO" prefix="[HLS 214-131]" key="HLS 214-131" tag="" content="Inlining function &apos;qdma_axis&lt;32ul, 0ul, 0ul, 0ul&gt;::get_user_ptr()&apos; into &apos;hls::stream&lt;qdma_axis&lt;32ul, 0ul, 0ul, 0ul&gt;, 0&gt;::read()&apos; (H:/Xilinx/Vitis_HLS/2020.2/common/technology/autopilot\ap_axi_sdata.h:390:59)" resolution=""/>
	<Message severity="INFO" prefix="[HLS 214-131]" key="HLS 214-131" tag="" content="Inlining function &apos;ap_int_base&lt;33, true&gt;::ap_int_base&lt;32, true&gt;(ap_int_base&lt;32, true&gt; const&amp;)&apos; into &apos;ap_int_base&lt;32, true&gt;::RType&lt;32, true&gt;::minus operator-&lt;32, true, 32, true&gt;(ap_int_base&lt;32, true&gt; const&amp;, ap_int_base&lt;32, true&gt; const&amp;)&apos; (H:/Xilinx/Vitis_HLS/2020.2/common/technology/autopilot\ap_int_base.h:1347:341)" resolution=""/>
	<Message severity="INFO" prefix="[HLS 214-131]" key="HLS 214-131" tag="" content="Inlining function &apos;ap_int_base&lt;33, true&gt;::ap_int_base&lt;32, true&gt;(ap_int_base&lt;32, true&gt; const&amp;)&apos; into &apos;ap_int_base&lt;32, true&gt;::RType&lt;32, true&gt;::minus operator-&lt;32, true, 32, true&gt;(ap_int_base&lt;32, true&gt; const&amp;, ap_int_base&lt;32, true&gt; const&amp;)&apos; (H:/Xilinx/Vitis_HLS/2020.2/common/technology/autopilot\ap_int_base.h:1347:430)" resolution=""/>
	<Message severity="INFO" prefix="[HLS 214-131]" key="HLS 214-131" tag="" content="Inlining function &apos;qdma_axis&lt;32ul, 0ul, 0ul, 0ul&gt;::qdma_axis(qdma_axis&lt;32ul, 0ul, 0ul, 0ul&gt; const&amp;)&apos; into &apos;hls::stream&lt;qdma_axis&lt;32ul, 0ul, 0ul, 0ul&gt;, 0&gt;::write(qdma_axis&lt;32ul, 0ul, 0ul, 0ul&gt; const&amp;)&apos; (H:/Xilinx/Vitis_HLS/2020.2/common/technology/autopilot\ap_axi_sdata.h:400:21)" resolution=""/>
	<Message severity="INFO" prefix="[HLS 214-131]" key="HLS 214-131" tag="" content="Inlining function &apos;qdma_axis&lt;32ul, 0ul, 0ul, 0ul&gt;::get_dest_ptr()&apos; into &apos;hls::stream&lt;qdma_axis&lt;32ul, 0ul, 0ul, 0ul&gt;, 0&gt;::write(qdma_axis&lt;32ul, 0ul, 0ul, 0ul&gt; const&amp;)&apos; (H:/Xilinx/Vitis_HLS/2020.2/common/technology/autopilot\ap_axi_sdata.h:404:26)" resolution=""/>
	<Message severity="INFO" prefix="[HLS 214-131]" key="HLS 214-131" tag="" content="Inlining function &apos;qdma_axis&lt;32ul, 0ul, 0ul, 0ul&gt;::get_id_ptr()&apos; into &apos;hls::stream&lt;qdma_axis&lt;32ul, 0ul, 0ul, 0ul&gt;, 0&gt;::write(qdma_axis&lt;32ul, 0ul, 0ul, 0ul&gt; const&amp;)&apos; (H:/Xilinx/Vitis_HLS/2020.2/common/technology/autopilot\ap_axi_sdata.h:403:77)" resolution=""/>
	<Message severity="INFO" prefix="[HLS 214-131]" key="HLS 214-131" tag="" content="Inlining function &apos;qdma_axis&lt;32ul, 0ul, 0ul, 0ul&gt;::get_user_ptr()&apos; into &apos;hls::stream&lt;qdma_axis&lt;32ul, 0ul, 0ul, 0ul&gt;, 0&gt;::write(qdma_axis&lt;32ul, 0ul, 0ul, 0ul&gt; const&amp;)&apos; (H:/Xilinx/Vitis_HLS/2020.2/common/technology/autopilot\ap_axi_sdata.h:403:46)" resolution=""/>
	<Message severity="INFO" prefix="[HLS 214-131]" key="HLS 214-131" tag="" content="Inlining function &apos;qdma_axis&lt;32ul, 0ul, 0ul, 0ul&gt;::get_strb_ptr()&apos; into &apos;hls::stream&lt;qdma_axis&lt;32ul, 0ul, 0ul, 0ul&gt;, 0&gt;::write(qdma_axis&lt;32ul, 0ul, 0ul, 0ul&gt; const&amp;)&apos; (H:/Xilinx/Vitis_HLS/2020.2/common/technology/autopilot\ap_axi_sdata.h:403:26)" resolution=""/>
	<Message severity="INFO" prefix="[HLS 214-131]" key="HLS 214-131" tag="" content="Inlining function &apos;qdma_axis&lt;32ul, 0ul, 0ul, 0ul&gt;::get_dest_ptr()&apos; into &apos;hls::stream&lt;qdma_axis&lt;32ul, 0ul, 0ul, 0ul&gt;, 0&gt;::write(qdma_axis&lt;32ul, 0ul, 0ul, 0ul&gt; const&amp;)&apos; (H:/Xilinx/Vitis_HLS/2020.2/common/technology/autopilot\ap_axi_sdata.h:402:40)" resolution=""/>
	<Message severity="INFO" prefix="[HLS 214-131]" key="HLS 214-131" tag="" content="Inlining function &apos;qdma_axis&lt;32ul, 0ul, 0ul, 0ul&gt;::get_id_ptr()&apos; into &apos;hls::stream&lt;qdma_axis&lt;32ul, 0ul, 0ul, 0ul&gt;, 0&gt;::write(qdma_axis&lt;32ul, 0ul, 0ul, 0ul&gt; const&amp;)&apos; (H:/Xilinx/Vitis_HLS/2020.2/common/technology/autopilot\ap_axi_sdata.h:402:24)" resolution=""/>
	<Message severity="INFO" prefix="[HLS 214-131]" key="HLS 214-131" tag="" content="Inlining function &apos;qdma_axis&lt;32ul, 0ul, 0ul, 0ul&gt;::get_user_ptr()&apos; into &apos;hls::stream&lt;qdma_axis&lt;32ul, 0ul, 0ul, 0ul&gt;, 0&gt;::write(qdma_axis&lt;32ul, 0ul, 0ul, 0ul&gt; const&amp;)&apos; (H:/Xilinx/Vitis_HLS/2020.2/common/technology/autopilot\ap_axi_sdata.h:401:60)" resolution=""/>
	<Message severity="INFO" prefix="[HLS 214-131]" key="HLS 214-131" tag="" content="Inlining function &apos;qdma_axis&lt;32ul, 0ul, 0ul, 0ul&gt;::get_strb_ptr()&apos; into &apos;hls::stream&lt;qdma_axis&lt;32ul, 0ul, 0ul, 0ul&gt;, 0&gt;::write(qdma_axis&lt;32ul, 0ul, 0ul, 0ul&gt; const&amp;)&apos; (H:/Xilinx/Vitis_HLS/2020.2/common/technology/autopilot\ap_axi_sdata.h:401:42)" resolution=""/>
	<Message severity="INFO" prefix="[HLS 214-131]" key="HLS 214-131" tag="" content="Inlining function &apos;hls::stream&lt;qdma_axis&lt;32ul, 0ul, 0ul, 0ul&gt;, 0&gt;::read()&apos; into &apos;pr_sub(hls::stream&lt;qdma_axis&lt;32ul, 0ul, 0ul, 0ul&gt;, 0&gt;&amp;, hls::stream&lt;qdma_axis&lt;32ul, 0ul, 0ul, 0ul&gt;, 0&gt;&amp;)&apos; (pr_sub.cpp:23:20)" resolution=""/>
	<Message severity="INFO" prefix="[HLS 214-131]" key="HLS 214-131" tag="" content="Inlining function &apos;hls::stream&lt;qdma_axis&lt;32ul, 0ul, 0ul, 0ul&gt;, 0&gt;::write(qdma_axis&lt;32ul, 0ul, 0ul, 0ul&gt; const&amp;)&apos; into &apos;pr_sub(hls::stream&lt;qdma_axis&lt;32ul, 0ul, 0ul, 0ul&gt;, 0&gt;&amp;, hls::stream&lt;qdma_axis&lt;32ul, 0ul, 0ul, 0ul&gt;, 0&gt;&amp;)&apos; (pr_sub.cpp:31:13)" resolution=""/>
	<Message severity="INFO" prefix="[HLS 214-131]" key="HLS 214-131" tag="" content="Inlining function &apos;ap_int_base&lt;32, true&gt;::RType&lt;32, true&gt;::minus operator-&lt;32, true, 32, true&gt;(ap_int_base&lt;32, true&gt; const&amp;, ap_int_base&lt;32, true&gt; const&amp;)&apos; into &apos;pr_sub(hls::stream&lt;qdma_axis&lt;32ul, 0ul, 0ul, 0ul&gt;, 0&gt;&amp;, hls::stream&lt;qdma_axis&lt;32ul, 0ul, 0ul, 0ul&gt;, 0&gt;&amp;)&apos; (pr_sub.cpp:28:22)" resolution=""/>
	<Message severity="INFO" prefix="[HLS 214-131]" key="HLS 214-131" tag="" content="Inlining function &apos;qdma_axis&lt;32ul, 0ul, 0ul, 0ul&gt;::operator=(qdma_axis&lt;32ul, 0ul, 0ul, 0ul&gt; const&amp;)&apos; into &apos;pr_sub(hls::stream&lt;qdma_axis&lt;32ul, 0ul, 0ul, 0ul&gt;, 0&gt;&amp;, hls::stream&lt;qdma_axis&lt;32ul, 0ul, 0ul, 0ul&gt;, 0&gt;&amp;)&apos; (pr_sub.cpp:25:8)" resolution=""/>
	<Message severity="INFO" prefix="[HLS 214-131]" key="HLS 214-131" tag="" content="Inlining function &apos;hls::stream&lt;qdma_axis&lt;32ul, 0ul, 0ul, 0ul&gt;, 0&gt;::read()&apos; into &apos;pr_sub(hls::stream&lt;qdma_axis&lt;32ul, 0ul, 0ul, 0ul&gt;, 0&gt;&amp;, hls::stream&lt;qdma_axis&lt;32ul, 0ul, 0ul, 0ul&gt;, 0&gt;&amp;)&apos; (pr_sub.cpp:25:20)" resolution=""/>
	<Message severity="INFO" prefix="[HLS 214-131]" key="HLS 214-131" tag="" content="Inlining function &apos;qdma_axis&lt;32ul, 0ul, 0ul, 0ul&gt;::operator=(qdma_axis&lt;32ul, 0ul, 0ul, 0ul&gt; const&amp;)&apos; into &apos;pr_sub(hls::stream&lt;qdma_axis&lt;32ul, 0ul, 0ul, 0ul&gt;, 0&gt;&amp;, hls::stream&lt;qdma_axis&lt;32ul, 0ul, 0ul, 0ul&gt;, 0&gt;&amp;)&apos; (pr_sub.cpp:23:8)" resolution=""/>
	<Message severity="INFO" prefix="[HLS 200-111]" key="HLS_111_966" tag="RUNTIME" content="Finished Compiling Optimization and Transform: CPU user time: 0 seconds. CPU system time: 0 seconds. Elapsed time: 3.505 seconds; current allocated memory: 100.501 MB." resolution=""/>
	<Message severity="INFO" prefix="[HLS 200-111]" key="HLS_111_966" tag="RUNTIME" content="Finished Checking Pragmas: CPU user time: 0 seconds. CPU system time: 0 seconds. Elapsed time: 0.018 seconds; current allocated memory: 100.502 MB." resolution=""/>
	<Message severity="INFO" prefix="[HLS 200-10]" key="HLS_10_1467" tag="" content="Starting code transformations ..." resolution=""/>
	<Message severity="INFO" prefix="[HLS 200-111]" key="HLS_111_966" tag="RUNTIME" content="Finished Standard Transforms: CPU user time: 0 seconds. CPU system time: 0 seconds. Elapsed time: 0.053 seconds; current allocated memory: 106.877 MB." resolution=""/>
	<Message severity="INFO" prefix="[HLS 200-10]" key="HLS_10_1472" tag="" content="Checking synthesizability ..." resolution=""/>
	<Message severity="INFO" prefix="[HLS 200-111]" key="HLS_111_966" tag="RUNTIME" content="Finished Checking Synthesizability: CPU user time: 0 seconds. CPU system time: 0 seconds. Elapsed time: 0.086 seconds; current allocated memory: 114.879 MB." resolution=""/>
	<Message severity="INFO" prefix="[HLS 200-111]" key="HLS_111_966" tag="RUNTIME" content="Finished Loop, function and other optimizations: CPU user time: 0 seconds. CPU system time: 0 seconds. Elapsed time: 0.142 seconds; current allocated memory: 143.083 MB." resolution=""/>
	<Message severity="INFO" prefix="[HLS 200-111]" key="HLS_111_966" tag="RUNTIME" content="Finished Architecture Synthesis: CPU user time: 0 seconds. CPU system time: 0 seconds. Elapsed time: 0.086 seconds; current allocated memory: 139.789 MB." resolution=""/>
	<Message severity="INFO" prefix="[HLS 200-10]" key="HLS_10_1317" tag="" content="Starting hardware synthesis ..." resolution=""/>
	<Message severity="INFO" prefix="[HLS 200-10]" key="HLS_10_1385" tag="" content="Synthesizing &apos;pr_sub&apos; ..." resolution=""/>
	<Message severity="INFO" prefix="[HLS 200-10]" key="HLS_10_1477" tag="" content="----------------------------------------------------------------" resolution=""/>
	<Message severity="INFO" prefix="[HLS 200-42]" key="HLS_42_1438" tag="" content="-- Implementing module &apos;pr_sub&apos;" resolution=""/>
	<Message severity="INFO" prefix="[HLS 200-10]" key="HLS_10_1478" tag="" content="----------------------------------------------------------------" resolution=""/>
	<Message severity="INFO" prefix="[SCHED 204-11]" key="SCHED_SCHED_STATUS_597" tag="" content="Starting scheduling ..." resolution=""/>
	<Message severity="INFO" prefix="[SCHED 204-11]" key="SCHED_SCHED_STATUS_596" tag="" content="Finished scheduling." resolution=""/>
	<Message severity="INFO" prefix="[HLS 200-111]" key="HLS_111_966" tag="RUNTIME" content="Finished Scheduling: CPU user time: 0 seconds. CPU system time: 0 seconds. Elapsed time: 0.052 seconds; current allocated memory: 139.891 MB." resolution=""/>
	<Message severity="INFO" prefix="[BIND 205-100]" key="BIND_100_926" tag="" content="Starting micro-architecture generation ..." resolution=""/>
	<Message severity="INFO" prefix="[BIND 205-101]" key="BIND_101_698" tag="" content="Performing variable lifetime analysis." resolution=""/>
	<Message severity="INFO" prefix="[BIND 205-101]" key="BIND_101_697" tag="" content="Exploring resource sharing." resolution=""/>
	<Message severity="INFO" prefix="[BIND 205-101]" key="BIND_101_693" tag="" content="Binding ..." resolution=""/>
	<Message severity="INFO" prefix="[BIND 205-100]" key="BIND_100_925" tag="" content="Finished micro-architecture generation." resolution=""/>
	<Message severity="INFO" prefix="[HLS 200-111]" key="HLS_111_966" tag="RUNTIME" content="Finished Binding: CPU user time: 0 seconds. CPU system time: 0 seconds. Elapsed time: 0.048 seconds; current allocated memory: 140.026 MB." resolution=""/>
	<Message severity="INFO" prefix="[HLS 200-10]" key="HLS_10_1483" tag="" content="----------------------------------------------------------------" resolution=""/>
	<Message severity="INFO" prefix="[HLS 200-10]" key="HLS_10_1484" tag="" content="-- Generating RTL for module &apos;pr_sub&apos;" resolution=""/>
	<Message severity="INFO" prefix="[HLS 200-10]" key="HLS_10_1485" tag="" content="----------------------------------------------------------------" resolution=""/>
	<Message severity="WARNING" prefix="[RTGEN 206-101]" key="RTGEN_101_918" tag="" content="Design contains AXI ports. Reset is fixed to synchronous and active low." resolution=""/>
	<Message severity="INFO" prefix="[RTGEN 206-500]" key="PREPROC_IO_COMP_CONFLICT_1950" tag="" content="Setting interface mode on port &apos;pr_sub/stream_in_V_data_V&apos; to &apos;axis&apos; (register, both mode)." resolution=""/>
	<Message severity="INFO" prefix="[RTGEN 206-500]" key="PREPROC_IO_COMP_CONFLICT_1950" tag="" content="Setting interface mode on port &apos;pr_sub/stream_in_V_keep_V&apos; to &apos;axis&apos; (register, both mode)." resolution=""/>
	<Message severity="INFO" prefix="[RTGEN 206-500]" key="PREPROC_IO_COMP_CONFLICT_1950" tag="" content="Setting interface mode on port &apos;pr_sub/stream_in_V_last_V&apos; to &apos;axis&apos; (register, both mode)." resolution=""/>
	<Message severity="INFO" prefix="[RTGEN 206-500]" key="PREPROC_IO_COMP_CONFLICT_1950" tag="" content="Setting interface mode on port &apos;pr_sub/stream_out_V_data_V&apos; to &apos;axis&apos; (register, both mode)." resolution=""/>
	<Message severity="INFO" prefix="[RTGEN 206-500]" key="PREPROC_IO_COMP_CONFLICT_1950" tag="" content="Setting interface mode on port &apos;pr_sub/stream_out_V_keep_V&apos; to &apos;axis&apos; (register, both mode)." resolution=""/>
	<Message severity="INFO" prefix="[RTGEN 206-500]" key="PREPROC_IO_COMP_CONFLICT_1950" tag="" content="Setting interface mode on port &apos;pr_sub/stream_out_V_last_V&apos; to &apos;axis&apos; (register, both mode)." resolution=""/>
	<Message severity="INFO" prefix="[RTGEN 206-500]" key="PREPROC_IO_COMP_CONFLICT_1950" tag="" content="Setting interface mode on function &apos;pr_sub&apos; to &apos;ap_ctrl_none&apos;." resolution=""/>
	<Message severity="INFO" prefix="[RTGEN 206-100]" key="RTGEN_100_856" tag="" content="Finished creating RTL model for &apos;pr_sub&apos;." resolution=""/>
	<Message severity="INFO" prefix="[HLS 200-111]" key="HLS_111_966" tag="RUNTIME" content="Finished Creating RTL model: CPU user time: 0 seconds. CPU system time: 0 seconds. Elapsed time: 0.07 seconds; current allocated memory: 140.314 MB." resolution=""/>
	<Message severity="INFO" prefix="[HLS 200-111]" key="HLS_111_966" tag="RUNTIME" content="Finished Generating all RTL models: CPU user time: 1 seconds. CPU system time: 0 seconds. Elapsed time: 0.88 seconds; current allocated memory: 146.611 MB." resolution=""/>
	<Message severity="INFO" prefix="[VHDL 208-304]" key="VHDL_304_1066" tag="" content="Generating VHDL RTL for pr_sub." resolution=""/>
	<Message severity="INFO" prefix="[VLOG 209-307]" key="VLOG_307_1067" tag="" content="Generating Verilog RTL for pr_sub." resolution=""/>
	<Message severity="INFO" prefix="[HLS 200-789]" key="HLS 200-789" tag="THROUGHPUT,VITIS_KERNEL" content="**** Estimated Fmax: 391.85 MHz" resolution=""/>
	<Message severity="INFO" prefix="[HLS 200-111]" key="HLS_111_966" tag="RUNTIME" content="Finished Command csynth_design CPU user time: 2 seconds. CPU system time: 0 seconds. Elapsed time: 8.222 seconds; current allocated memory: 146.698 MB." resolution=""/>
</Messages>
