<stg><name>pr_sub</name>


<trans_list>

<trans id="22" from="1" to="2">
<condition id="-1">
<or_exp><and_exp></and_exp></or_exp>
</condition>
</trans>

<trans id="23" from="2" to="3">
<condition id="-1">
<or_exp><and_exp></and_exp></or_exp>
</condition>
</trans>
</trans_list>



<state_list>

<state id="1" st_id="1">

<operation id="4" st_id="1" stage="1" lat="1">
<core>axis</core>
<MemPortIdVec></MemPortIdVec>
<condition id="-1">
<or_exp><and_exp></and_exp></or_exp>
</condition>

<Node id="17" bw="37" op_0_bw="37" op_1_bw="32" op_2_bw="4" op_3_bw="1">
<![CDATA[
:10 %empty = read i37 @_ssdm_op_Read.axis.volatile.i32P0A.i4P0A.i1P0A, i32 %stream_in_V_data_V, i4 %stream_in_V_keep_V, i1 %stream_in_V_last_V

]]></Node>
<StgValue><ssdm name="empty"/></StgValue>
</operation>
</state>

<state id="2" st_id="2">

<operation id="5" st_id="2" stage="1" lat="1">
<core>NULL</core>
<MemPortIdVec></MemPortIdVec>
<condition id="-1">
<or_exp><and_exp></and_exp></or_exp>
</condition>

<Node id="18" bw="32" op_0_bw="37">
<![CDATA[
:11 %Inbuf_data_V = extractvalue i37 %empty

]]></Node>
<StgValue><ssdm name="Inbuf_data_V"/></StgValue>
</operation>

<operation id="6" st_id="2" stage="1" lat="1">
<core>axis</core>
<MemPortIdVec></MemPortIdVec>
<condition id="-1">
<or_exp><and_exp></and_exp></or_exp>
</condition>

<Node id="19" bw="37" op_0_bw="37" op_1_bw="32" op_2_bw="4" op_3_bw="1" op_4_bw="0">
<![CDATA[
:12 %empty_6 = read i37 @_ssdm_op_Read.axis.volatile.i32P0A.i4P0A.i1P0A, i32 %stream_in_V_data_V, i4 %stream_in_V_keep_V, i1 %stream_in_V_last_V

]]></Node>
<StgValue><ssdm name="empty_6"/></StgValue>
</operation>

<operation id="7" st_id="2" stage="1" lat="1">
<core>NULL</core>
<MemPortIdVec></MemPortIdVec>
<condition id="-1">
<or_exp><and_exp></and_exp></or_exp>
</condition>

<Node id="20" bw="32" op_0_bw="37">
<![CDATA[
:13 %Inbuf_data_V_1 = extractvalue i37 %empty_6

]]></Node>
<StgValue><ssdm name="Inbuf_data_V_1"/></StgValue>
</operation>

<operation id="8" st_id="2" stage="1" lat="1">
<core>Adder</core>
<MemPortIdVec></MemPortIdVec>
<condition id="-1">
<or_exp><and_exp></and_exp></or_exp>
</condition>

<Node id="21" bw="32" op_0_bw="32" op_1_bw="32">
<![CDATA[
:14 %Outbuf_data_V = sub i32 %Inbuf_data_V, i32 %Inbuf_data_V_1

]]></Node>
<StgValue><ssdm name="Outbuf_data_V"/></StgValue>
</operation>

<operation id="9" st_id="2" stage="2" lat="2">
<core>axis</core>
<MemPortIdVec></MemPortIdVec>
<condition id="-1">
<or_exp><and_exp></and_exp></or_exp>
</condition>

<Node id="22" bw="0" op_0_bw="0" op_1_bw="32" op_2_bw="4" op_3_bw="1" op_4_bw="32" op_5_bw="4" op_6_bw="1">
<![CDATA[
:15 %write_ln401 = write void @_ssdm_op_Write.axis.volatile.i32P0A.i4P0A.i1P0A, i32 %stream_out_V_data_V, i4 %stream_out_V_keep_V, i1 %stream_out_V_last_V, i32 %Outbuf_data_V, i4 15, i1 1

]]></Node>
<StgValue><ssdm name="write_ln401"/></StgValue>
</operation>
</state>

<state id="3" st_id="3">

<operation id="10" st_id="3" stage="1" lat="1">
<core>NULL</core>
<MemPortIdVec></MemPortIdVec>
<condition id="-1">
<or_exp><and_exp></and_exp></or_exp>
</condition>

<Node id="7" bw="0" op_0_bw="0" op_1_bw="0">
<![CDATA[
:0 %spectopmodule_ln0 = spectopmodule void @_ssdm_op_SpecTopModule, void @empty_2

]]></Node>
<StgValue><ssdm name="spectopmodule_ln0"/></StgValue>
</operation>

<operation id="11" st_id="3" stage="1" lat="1">
<core>NULL</core>
<MemPortIdVec></MemPortIdVec>
<condition id="-1">
<or_exp><and_exp></and_exp></or_exp>
</condition>

<Node id="8" bw="0" op_0_bw="0" op_1_bw="32" op_2_bw="0" op_3_bw="32" op_4_bw="32" op_5_bw="0" op_6_bw="32" op_7_bw="32" op_8_bw="0" op_9_bw="0" op_10_bw="0" op_11_bw="32" op_12_bw="32" op_13_bw="32" op_14_bw="32" op_15_bw="0" op_16_bw="0">
<![CDATA[
:1 %specinterface_ln0 = specinterface void @_ssdm_op_SpecInterface, i32 0, void @empty_3, i32 0, i32 0, void @empty_1, i32 0, i32 0, void @empty_1, void @empty_1, void @empty_1, i32 0, i32 0, i32 0, i32 0, void @empty_1, void @empty_1

]]></Node>
<StgValue><ssdm name="specinterface_ln0"/></StgValue>
</operation>

<operation id="12" st_id="3" stage="1" lat="1">
<core>NULL</core>
<MemPortIdVec></MemPortIdVec>
<condition id="-1">
<or_exp><and_exp></and_exp></or_exp>
</condition>

<Node id="9" bw="0" op_0_bw="0" op_1_bw="32" op_2_bw="4" op_3_bw="1" op_4_bw="0" op_5_bw="32" op_6_bw="32" op_7_bw="0" op_8_bw="32" op_9_bw="32" op_10_bw="0" op_11_bw="0" op_12_bw="0" op_13_bw="32" op_14_bw="32" op_15_bw="32" op_16_bw="32" op_17_bw="0" op_18_bw="0">
<![CDATA[
:2 %specinterface_ln0 = specinterface void @_ssdm_op_SpecInterface, i32 %stream_in_V_data_V, i4 %stream_in_V_keep_V, i1 %stream_in_V_last_V, void @empty, i32 1, i32 1, void @empty_0, i32 0, i32 0, void @empty_1, void @empty_1, void @empty_1, i32 0, i32 0, i32 0, i32 0, void @empty_1, void @empty_1

]]></Node>
<StgValue><ssdm name="specinterface_ln0"/></StgValue>
</operation>

<operation id="13" st_id="3" stage="1" lat="1">
<core>NULL</core>
<MemPortIdVec></MemPortIdVec>
<condition id="-1">
<or_exp><and_exp></and_exp></or_exp>
</condition>

<Node id="10" bw="0" op_0_bw="0" op_1_bw="32">
<![CDATA[
:3 %specbitsmap_ln0 = specbitsmap void @_ssdm_op_SpecBitsMap, i32 %stream_in_V_data_V

]]></Node>
<StgValue><ssdm name="specbitsmap_ln0"/></StgValue>
</operation>

<operation id="14" st_id="3" stage="1" lat="1">
<core>NULL</core>
<MemPortIdVec></MemPortIdVec>
<condition id="-1">
<or_exp><and_exp></and_exp></or_exp>
</condition>

<Node id="11" bw="0" op_0_bw="0" op_1_bw="4">
<![CDATA[
:4 %specbitsmap_ln0 = specbitsmap void @_ssdm_op_SpecBitsMap, i4 %stream_in_V_keep_V

]]></Node>
<StgValue><ssdm name="specbitsmap_ln0"/></StgValue>
</operation>

<operation id="15" st_id="3" stage="1" lat="1">
<core>NULL</core>
<MemPortIdVec></MemPortIdVec>
<condition id="-1">
<or_exp><and_exp></and_exp></or_exp>
</condition>

<Node id="12" bw="0" op_0_bw="0" op_1_bw="1">
<![CDATA[
:5 %specbitsmap_ln0 = specbitsmap void @_ssdm_op_SpecBitsMap, i1 %stream_in_V_last_V

]]></Node>
<StgValue><ssdm name="specbitsmap_ln0"/></StgValue>
</operation>

<operation id="16" st_id="3" stage="1" lat="1">
<core>NULL</core>
<MemPortIdVec></MemPortIdVec>
<condition id="-1">
<or_exp><and_exp></and_exp></or_exp>
</condition>

<Node id="13" bw="0" op_0_bw="0" op_1_bw="32" op_2_bw="4" op_3_bw="1" op_4_bw="0" op_5_bw="32" op_6_bw="32" op_7_bw="0" op_8_bw="32" op_9_bw="32" op_10_bw="0" op_11_bw="0" op_12_bw="0" op_13_bw="32" op_14_bw="32" op_15_bw="32" op_16_bw="32" op_17_bw="0" op_18_bw="0">
<![CDATA[
:6 %specinterface_ln0 = specinterface void @_ssdm_op_SpecInterface, i32 %stream_out_V_data_V, i4 %stream_out_V_keep_V, i1 %stream_out_V_last_V, void @empty, i32 1, i32 1, void @empty_0, i32 0, i32 0, void @empty_1, void @empty_1, void @empty_1, i32 0, i32 0, i32 0, i32 0, void @empty_1, void @empty_1

]]></Node>
<StgValue><ssdm name="specinterface_ln0"/></StgValue>
</operation>

<operation id="17" st_id="3" stage="1" lat="1">
<core>NULL</core>
<MemPortIdVec></MemPortIdVec>
<condition id="-1">
<or_exp><and_exp></and_exp></or_exp>
</condition>

<Node id="14" bw="0" op_0_bw="0" op_1_bw="32">
<![CDATA[
:7 %specbitsmap_ln0 = specbitsmap void @_ssdm_op_SpecBitsMap, i32 %stream_out_V_data_V

]]></Node>
<StgValue><ssdm name="specbitsmap_ln0"/></StgValue>
</operation>

<operation id="18" st_id="3" stage="1" lat="1">
<core>NULL</core>
<MemPortIdVec></MemPortIdVec>
<condition id="-1">
<or_exp><and_exp></and_exp></or_exp>
</condition>

<Node id="15" bw="0" op_0_bw="0" op_1_bw="4">
<![CDATA[
:8 %specbitsmap_ln0 = specbitsmap void @_ssdm_op_SpecBitsMap, i4 %stream_out_V_keep_V

]]></Node>
<StgValue><ssdm name="specbitsmap_ln0"/></StgValue>
</operation>

<operation id="19" st_id="3" stage="1" lat="1">
<core>NULL</core>
<MemPortIdVec></MemPortIdVec>
<condition id="-1">
<or_exp><and_exp></and_exp></or_exp>
</condition>

<Node id="16" bw="0" op_0_bw="0" op_1_bw="1">
<![CDATA[
:9 %specbitsmap_ln0 = specbitsmap void @_ssdm_op_SpecBitsMap, i1 %stream_out_V_last_V

]]></Node>
<StgValue><ssdm name="specbitsmap_ln0"/></StgValue>
</operation>

<operation id="20" st_id="3" stage="1" lat="2">
<core>axis</core>
<MemPortIdVec></MemPortIdVec>
<condition id="-1">
<or_exp><and_exp></and_exp></or_exp>
</condition>

<Node id="22" bw="0" op_0_bw="0" op_1_bw="32" op_2_bw="4" op_3_bw="1" op_4_bw="32" op_5_bw="4" op_6_bw="1">
<![CDATA[
:15 %write_ln401 = write void @_ssdm_op_Write.axis.volatile.i32P0A.i4P0A.i1P0A, i32 %stream_out_V_data_V, i4 %stream_out_V_keep_V, i1 %stream_out_V_last_V, i32 %Outbuf_data_V, i4 15, i1 1

]]></Node>
<StgValue><ssdm name="write_ln401"/></StgValue>
</operation>

<operation id="21" st_id="3" stage="1" lat="1">
<core>NULL</core>
<MemPortIdVec></MemPortIdVec>
<condition id="-1">
<or_exp><and_exp></and_exp></or_exp>
</condition>

<Node id="23" bw="0">
<![CDATA[
:16 %ret_ln32 = ret

]]></Node>
<StgValue><ssdm name="ret_ln32"/></StgValue>
</operation>
</state>
</state_list>


<ports>
</ports>


<dataflows>
</dataflows>


</stg>
