<root versionMajor = "1" versionMinor = "5">
  <kernel src_name="pr_sub" language="c" hwCtrl="ap_ctrl_none" mem_layout="fpga64-xilinx-none">
    <args>
      <arg id="0" access_type="r" src_name="stream_in" src_type="stream&lt;qdma_axis&lt;32, 0, 0, 0&gt;, 0&gt;&amp;" src_isptr="1" src_bitwidth="96" src_size_or_depth="1">
        <hw hw_usage="data" hw_interface="AXI-Stream" hw_name="stream_in" hw_bitwidth="32" hw_size_or_depth="1">
          <constraint constraint_type="pragma interface" mode="axis" register_option="0" register_mode="both"/>
        </hw>
      </arg>
      <arg id="1" access_type="w" src_name="stream_out" src_type="stream&lt;qdma_axis&lt;32, 0, 0, 0&gt;, 0&gt;&amp;" src_isptr="1" src_bitwidth="96" src_size_or_depth="1">
        <hw hw_usage="data" hw_interface="AXI-Stream" hw_name="stream_out" hw_bitwidth="32" hw_size_or_depth="1">
          <constraint constraint_type="pragma interface" mode="axis" register_option="0" register_mode="both"/>
        </hw>
      </arg>
    </args>
    <return src_type="void" src_bitwidth="0" offset="0x0">
      <hw hw_usage="data" hw_interface="" hw_name="" hw_bitwidth="0"/>
    </return>
  </kernel>
</root>
