<VitisHLS:BurstInfo>
    <burst group="BURST_VERBOSE_MISSED" fe_name="UnknownUnderlyingObjectMissed" src_info="H:/Xilinx/Vitis_HLS/2020.2/common/technology/autopilot\ap_axi_sdata.h:232:7" msg_id="214-117" msg_severity="INFO" msg_body="Cannot find or modify the underlying object pointed by getelementptr" ID="bb0.load.16" VarName="ref.tmp"/>
    <burst group="BURST_VERBOSE_MISSED" fe_name="UnknownUnderlyingObjectMissed" src_info="H:/Xilinx/Vitis_HLS/2020.2/common/technology/autopilot\ap_axi_sdata.h:232:7" msg_id="214-117" msg_severity="INFO" msg_body="Cannot find or modify the underlying object pointed by getelementptr" ID="bb0.load.26" VarName="ref.tmp2"/>
    <burst group="BURST_VERBOSE_MISSED" fe_name="UnknownUnderlyingObjectMissed" src_info="H:/Xilinx/Vitis_HLS/2020.2/common/technology/autopilot\ap_axi_sdata.h:226:9" msg_id="214-117" msg_severity="INFO" msg_body="Cannot find or modify the underlying object pointed by getelementptr" ID="bb0.store.43" VarName="tmp.i"/>
    <burst group="BURST_VERBOSE_MISSED" fe_name="CouldNotAnalyzeBoundsPatternMissed" src_info="" msg_id="214-252" msg_severity="INFO" msg_body="Cannot analyze the loop bounds of 'anonymous'" resolution="214-252"/>
    <burst group="BURST_VERBOSE_MISSED" fe_name="CouldNotAnalyzeBoundsPatternMissed" src_info="" msg_id="214-252" msg_severity="INFO" msg_body="Cannot analyze the loop bounds of 'anonymous'" resolution="214-252"/>
    <burst group="BURST_VERBOSE_MISSED" fe_name="CouldNotAnalyzeBoundsPatternMissed" src_info="" msg_id="214-252" msg_severity="INFO" msg_body="Cannot analyze the loop bounds of 'anonymous'" resolution="214-252"/>
    <burst group="BURST_VERBOSE_MISSED" fe_name="CouldNotAnalyzeBoundsPatternMissed" src_info="" msg_id="214-252" msg_severity="INFO" msg_body="Cannot analyze the loop bounds of 'anonymous'" resolution="214-252"/>
    <burst group="BURST_VERBOSE_MISSED" fe_name="CouldNotAnalyzeBoundsPatternMissed" src_info="" msg_id="214-252" msg_severity="INFO" msg_body="Cannot analyze the loop bounds of 'anonymous'" resolution="214-252"/>
    <burst group="BURST_VERBOSE_MISSED" fe_name="CouldNotAnalyzeBoundsPatternMissed" src_info="" msg_id="214-252" msg_severity="INFO" msg_body="Cannot analyze the loop bounds of 'anonymous'" resolution="214-252"/>
    <burst group="BURST_VERBOSE_MISSED" fe_name="CouldNotAnalyzeBoundsPatternMissed" src_info="" msg_id="214-252" msg_severity="INFO" msg_body="Cannot analyze the loop bounds of 'anonymous'" resolution="214-252"/>
    <burst group="BURST_VERBOSE_MISSED" fe_name="CouldNotAnalyzeBoundsPatternMissed" src_info="" msg_id="214-252" msg_severity="INFO" msg_body="Cannot analyze the loop bounds of 'anonymous'" resolution="214-252"/>
    <burst group="BURST_VERBOSE_MISSED" fe_name="CouldNotAnalyzeBoundsPatternMissed" src_info="" msg_id="214-252" msg_severity="INFO" msg_body="Cannot analyze the loop bounds of 'anonymous'" resolution="214-252"/>
    <burst group="BURST_VERBOSE_MISSED" fe_name="CouldNotAnalyzeBoundsPatternMissed" src_info="" msg_id="214-252" msg_severity="INFO" msg_body="Cannot analyze the loop bounds of 'anonymous'" resolution="214-252"/>
</VitisHLS:BurstInfo>

