<profile>

<section name = "Vitis HLS Report for 'pr_add'" level="0">
<item name = "Date">Tue Jun 13 20:12:34 2023
</item>
<item name = "Version">2020.2 (Build 3064766 on Wed Nov 18 09:12:45 MST 2020)</item>
<item name = "Project">pynq_pr_ip</item>
<item name = "Solution">solution1 (Vivado IP Flow Target)</item>
<item name = "Product family">zynq</item>
<item name = "Target device">xc7z020-clg400-1</item>
</section>

<section name = "Performance Estimates" level="0">
<item name = "Timing">
<section name = "" level="1">
<item name = "Summary"><table name="" hasTotal="0">
<keys size="4">Clock, Target, Estimated, Uncertainty</keys>
<column name="ap_clk">10.00 ns, 2.552 ns, 2.70 ns</column>
</table>
</item>
</section>
</item>
<item name = "Latency">
<section name = "" level="1">
<item name = "Summary"><table name="" hasTotal="0">
<keys size="8">, min, max, min, max, min, max, Type</keys>
<column name="">2, 2, 20.000 ns, 20.000 ns, 3, 3, none</column>
</table>
</item>
<item name = "Detail">
<section name = "" level="1">
<item name = "Instance"><table name="" hasTotal="0">
<keys size="9">Instance, Module, min, max, min, max, min, max, Type</keys>
</table>
</item>
<item name = "Loop"><table name="" hasTotal="0">
<keys size="8">Loop Name, min, max, Latency, achieved, target, Count, Pipelined</keys>
</table>
</item>
</section>
</item>
</section>
</item>
</section>

<section name = "Utilization Estimates" level="0">
<item name = "Summary"><table name="" hasTotal="1">
<keys size="6">Name, BRAM_18K, DSP, FF, LUT, URAM</keys>
<column name="DSP">-, -, -, -, -</column>
<column name="Expression">-, -, 0, 43, -</column>
<column name="FIFO">-, -, -, -, -</column>
<column name="Instance">-, -, -, -, -</column>
<column name="Memory">-, -, -, -, -</column>
<column name="Multiplexer">-, -, -, 38, -</column>
<column name="Register">-, -, 35, -, -</column>
<specialColumn name="Available">280, 220, 106400, 53200, 0</specialColumn>
<specialColumn name="Utilization (%)">0, 0, ~0, ~0, 0</specialColumn>
</table>
</item>
<item name = "Detail">
<section name = "" level="1">
<item name = "Instance"><table name="" hasTotal="1">
<keys size="7">Instance, Module, BRAM_18K, DSP, FF, LUT, URAM</keys>
</table>
</item>
<item name = "DSP"><table name="" hasTotal="0">
<keys size="3">Instance, Module, Expression</keys>
</table>
</item>
<item name = "Memory"><table name="" hasTotal="1">
<keys size="10">Memory, Module, BRAM_18K, FF, LUT, URAM, Words, Bits, Banks, W*Bits*Banks</keys>
</table>
</item>
<item name = "FIFO"><table name="" hasTotal="1">
<keys size="8">Name, BRAM_18K, FF, LUT, URAM, Depth, Bits, Size:D*B</keys>
</table>
</item>
<item name = "Expression"><table name="" hasTotal="1">
<keys size="7">Variable Name, Operation, DSP, FF, LUT, Bitwidth P0, Bitwidth P1</keys>
<column name="stream_out_TDATA_int_regslice">+, 0, 0, 39, 32, 32</column>
<column name="ap_block_state2">or, 0, 0, 2, 1, 1</column>
<column name="ap_block_state3">or, 0, 0, 2, 1, 1</column>
</table>
</item>
<item name = "Multiplexer"><table name="" hasTotal="1">
<keys size="5">Name, LUT, Input Size, Bits, Total Bits</keys>
<column name="ap_NS_fsm">20, 4, 1, 4</column>
<column name="stream_in_TDATA_blk_n">9, 2, 1, 2</column>
<column name="stream_out_TDATA_blk_n">9, 2, 1, 2</column>
</table>
</item>
<item name = "Register"><table name="" hasTotal="1">
<keys size="5">Name, FF, LUT, Bits, Const Bits</keys>
<column name="ap_CS_fsm">3, 0, 3, 0</column>
<column name="empty_reg_79_0">32, 0, 32, 0</column>
</table>
</item>
</section>
</item>
</section>

<section name = "Interface" level="0">
<item name = "Summary"><table name="" hasTotal="0">
<keys size="6">RTL Ports, Dir, Bits, Protocol, Source Object, C Type</keys>
<column name="ap_clk">in, 1, ap_ctrl_none, pr_add, return value</column>
<column name="ap_rst_n">in, 1, ap_ctrl_none, pr_add, return value</column>
<column name="stream_in_TDATA">in, 32, axis, stream_in_V_data_V, pointer</column>
<column name="stream_in_TVALID">in, 1, axis, stream_in_V_last_V, pointer</column>
<column name="stream_in_TREADY">out, 1, axis, stream_in_V_last_V, pointer</column>
<column name="stream_in_TLAST">in, 1, axis, stream_in_V_last_V, pointer</column>
<column name="stream_in_TKEEP">in, 4, axis, stream_in_V_keep_V, pointer</column>
<column name="stream_out_TDATA">out, 32, axis, stream_out_V_data_V, pointer</column>
<column name="stream_out_TVALID">out, 1, axis, stream_out_V_last_V, pointer</column>
<column name="stream_out_TREADY">in, 1, axis, stream_out_V_last_V, pointer</column>
<column name="stream_out_TLAST">out, 1, axis, stream_out_V_last_V, pointer</column>
<column name="stream_out_TKEEP">out, 4, axis, stream_out_V_keep_V, pointer</column>
</table>
</item>
</section>
</profile>
